<Map Name="orders" Source="Import"><Description>Data map created automatically using the map settings specified during an import.</Description><EntitiesPerFile>Single</EntitiesPerFile><EntityMaps><EntityMap TargetEntityName="aib_order" SourceEntityName="orders" Dedupe="Ignore" ProcessCode="Process"><AttributeMaps><AttributeMap><SourceAttributeName>product_id</SourceAttributeName><TargetAttributeName>aib_product</TargetAttributeName><ProcessCode>Process</ProcessCode><LookupMaps><LookupMap><LookupType>System</LookupType><LookupEntityName>aib_product</LookupEntityName><LookupAttributeName>aib_id</LookupAttributeName><ProcessCode>Process</ProcessCode></LookupMap></LookupMaps></AttributeMap><AttributeMap><SourceAttributeName>order_delivered_customer_date</SourceAttributeName><TargetAttributeName>aib_delivereddate</TargetAttributeName><ProcessCode>Process</ProcessCode></AttributeMap><AttributeMap><SourceAttributeName>freight_value</SourceAttributeName><TargetAttributeName>aib_freightvalue</TargetAttributeName><ProcessCode>Process</ProcessCode></AttributeMap><AttributeMap><SourceAttributeName>order_id</SourceAttributeName><TargetAttributeName>aib_id</TargetAttributeName><ProcessCode>Process</ProcessCode></AttributeMap><AttributeMap><SourceAttributeName>order_status</SourceAttributeName><TargetAttributeName>aib_orderstatus</TargetAttributeName><ProcessCode>Process</ProcessCode></AttributeMap><AttributeMap><SourceAttributeName>price</SourceAttributeName><TargetAttributeName>aib_price</TargetAttributeName><ProcessCode>Process</ProcessCode></AttributeMap><AttributeMap><SourceAttributeName>order_purchase_timestamp</SourceAttributeName><TargetAttributeName>aib_purchasedate</TargetAttributeName><ProcessCode>Process</ProcessCode></AttributeMap><AttributeMap><SourceAttributeName>order_estimated_delivery_date</SourceAttributeName><TargetAttributeName>aib_estimateddeliverydate</TargetAttributeName><ProcessCode>Process</ProcessCode></AttributeMap><AttributeMap><SourceAttributeName>customer_id</SourceAttributeName><TargetAttributeName>aib_customer</TargetAttributeName><ProcessCode>Process</ProcessCode><LookupMaps><LookupMap><LookupType>System</LookupType><LookupEntityName>aib_customer</LookupEntityName><LookupAttributeName>aib_id</LookupAttributeName><ProcessCode>Process</ProcessCode></LookupMap></LookupMaps></AttributeMap></AttributeMaps></EntityMap></EntityMaps></Map>