<Map Name="products" Source="Import"><Description>Data map created automatically using the map settings specified during an import.</Description><EntitiesPerFile>Single</EntitiesPerFile><EntityMaps><EntityMap TargetEntityName="aib_product" SourceEntityName="products" Dedupe="Ignore" ProcessCode="Process"><AttributeMaps><AttributeMap><SourceAttributeName>product_description_lenght</SourceAttributeName><TargetAttributeName>aib_descriptionlength</TargetAttributeName><ProcessCode>Process</ProcessCode></AttributeMap><AttributeMap><SourceAttributeName>product_photos_qty</SourceAttributeName><TargetAttributeName>aib_photosquantity</TargetAttributeName><ProcessCode>Process</ProcessCode></AttributeMap><AttributeMap><SourceAttributeName>product_length_cm</SourceAttributeName><TargetAttributeName>aib_lengthcm</TargetAttributeName><ProcessCode>Process</ProcessCode></AttributeMap><AttributeMap><SourceAttributeName>product_category_name</SourceAttributeName><TargetAttributeName>aib_category</TargetAttributeName><ProcessCode>Process</ProcessCode></AttributeMap><AttributeMap><SourceAttributeName>product_width_cm</SourceAttributeName><TargetAttributeName>aib_widthcm</TargetAttributeName><ProcessCode>Process</ProcessCode></AttributeMap><AttributeMap><SourceAttributeName>product_height_cm</SourceAttributeName><TargetAttributeName>aib_heightcm</TargetAttributeName><ProcessCode>Process</ProcessCode></AttributeMap><AttributeMap><SourceAttributeName>product_weight_g</SourceAttributeName><TargetAttributeName>aib_weightg</TargetAttributeName><ProcessCode>Process</ProcessCode></AttributeMap><AttributeMap><SourceAttributeName>product_name_lenght</SourceAttributeName><TargetAttributeName>aib_namelength</TargetAttributeName><ProcessCode>Process</ProcessCode></AttributeMap><AttributeMap><SourceAttributeName>product_id</SourceAttributeName><TargetAttributeName>aib_id</TargetAttributeName><ProcessCode>Process</ProcessCode></AttributeMap></AttributeMaps></EntityMap></EntityMaps></Map>